,Unnamed: 0,player_id,nationality,team_id,primaryPosition
0,0,8467412,UKR,1.0,LW
4,213,8468501,RUS,1.0,D
6,506,8459670,FIN,4.0,D
8,849,8471233,CAN,1.0,C
9,1475,8475640,SWE,4.0,D
10,1575,8476177,CAN,4.0,RW
12,2054,8464977,LTU,1.0,C
14,2481,8474190,CAN,4.0,RW
17,3200,8464975,CAN,4.0,C
20,3545,8468534,SWE,4.0,D
22,3660,8475603,USA,4.0,C
23,3667,8472410,USA,1.0,RW
25,3992,8474037,USA,4.0,LW
27,4627,8473542,USA,23.0,LW
31,4778,8476457,SWE,1.0,D
33,5294,8474631,CAN,4.0,D
34,5340,8472382,USA,1.0,D
35,6030,8474641,CAN,1.0,C
37,6652,8474161,CZE,4.0,RW
39,7368,8476461,CAN,4.0,C
40,7970,8460720,CAN,2.0,LW
43,8144,8469454,RUS,1.0,LW
45,8426,8475170,CAN,4.0,C
48,9063,8470609,CAN,1.0,RW
51,9413,8465210,CZE,14.0,D
53,9574,8471816,USA,1.0,D
55,9987,8468486,CAN,4.0,LW
58,10594,8470123,USA,1.0,RW
60,10724,8470640,USA,4.0,D
63,11212,8473512,CAN,4.0,C
64,11946,8475775,CAN,4.0,LW
68,12035,8470920,CAN,1.0,RW
71,12413,8470601,CAN,4.0,D
73,13131,8475342,DNK,4.0,D
74,13147,8470171,CAN,4.0,C
78,13570,8474892,CAN,4.0,LW
79,13612,8476158,CAN,18.0,LW
84,13707,8475185,SWE,1.0,C
86,14028,8472394,USA,1.0,D
88,14174,8462535,CAN,4.0,LW
89,14265,8448208,CZE,4.0,RW
95,14764,8469623,CZE,1.0,D
99,15175,8474736,CAN,4.0,C
103,15540,8473646,USA,1.0,LW
108,15919,8471269,SWE,4.0,D
112,16303,8470610,USA,1.0,LW
114,16902,8475430,CAN,4.0,D
117,17160,8460626,CAN,1.0,D
118,17360,8460465,CZE,1.0,RW
119,17460,8460542,CZE,1.0,C
120,17844,8471636,USA,1.0,LW
121,17936,8476209,USA,1.0,RW
122,17979,8471236,SVK,4.0,D
125,18261,8473580,CAN,1.0,D
126,18283,8471365,USA,1.0,C
127,18290,8473944,USA,1.0,RW
128,18292,8475248,SWE,1.0,D
130,18326,8473592,RUS,1.0,RW
131,18368,8467436,USA,1.0,D
132,18376,8475060,USA,14.0,D
134,18438,8473927,CAN,16.0,C
136,18474,8475199,CAN,1.0,D
138,18664,8474582,SWE,1.0,RW
139,18784,8467452,USA,26.0,D
142,19261,8471718,CAN,21.0,C
143,19418,8470662,CAN,26.0,C
146,19654,8476404,CAN,26.0,C
147,19814,8474594,RUS,26.0,D
148,20068,8475160,CAN,26.0,LW
149,20730,8471208,CAN,26.0,RW
153,21020,8474518,USA,26.0,D
155,21096,8473908,CAN,26.0,RW
158,21262,8465185,CAN,26.0,D
160,21627,8471685,SVN,26.0,C
161,22386,8475726,CAN,26.0,RW
162,22890,8474638,CAN,26.0,D
165,22932,8470755,CAN,26.0,C
168,23468,8475325,CAN,26.0,C
171,23873,8474563,CAN,26.0,D
172,24640,8474162,CAN,26.0,D
174,25224,8474166,USA,26.0,D
175,25840,8474681,RUS,26.0,C
178,25996,8468526,CAN,26.0,C
181,26502,8470604,CAN,26.0,C
184,27180,8470606,USA,26.0,RW
185,27946,8470121,USA,26.0,D
186,28308,8466182,SWE,1.0,D
188,28521,8471733,CAN,18.0,LW
190,28647,8475223,CAN,23.0,RW
193,28786,8467346,CAN,26.0,LW
197,28963,8470617,CAN,26.0,C
200,29424,8473453,USA,26.0,C
201,30110,8474100,CAN,26.0,LW
203,30550,8474066,CAN,2.0,D
204,31023,8468508,CAN,26.0,RW
207,31825,8473419,CAN,6.0,LW
208,32594,8470905,CAN,14.0,D
210,32699,8474749,USA,6.0,D
214,32973,8471717,CAN,6.0,D
217,33525,8471916,CAN,14.0,LW
218,33539,8471276,CZE,6.0,C
219,34271,8470187,CAN,6.0,D
221,34964,8471514,CAN,6.0,C
224,35265,8471314,USA,14.0,D
227,35380,8475167,SWE,14.0,D
228,36086,8470230,CAN,6.0,LW
230,36460,8467925,USA,14.0,RW
233,36741,8469765,CAN,14.0,D
235,36846,8467329,CAN,14.0,C
238,37219,8467967,CAN,6.0,C
241,37714,8470638,CAN,6.0,C
242,38471,8468575,CAN,14.0,C
247,39072,8450725,CAN,6.0,RW
248,39178,8470596,CAN,6.0,RW
250,39425,8471767,CAN,14.0,C
253,39526,8470634,USA,14.0,D
254,39560,8474564,CAN,14.0,C
255,40215,8474002,USA,21.0,D
256,40218,8473473,CAN,6.0,LW
259,40993,8474000,USA,13.0,D
263,41197,8465978,CAN,6.0,LW
265,41674,8469619,DEU,6.0,D
267,42209,8465056,CAN,6.0,C
268,42210,8466142,CAN,14.0,D
272,42559,8470804,CAN,14.0,D
273,42564,8470169,CAN,6.0,C
275,43063,8474095,CAN,14.0,C
277,43205,8465009,SVK,6.0,D
278,43949,8467988,USA,14.0,LW
280,44176,8470615,CAN,27.0,C
282,44200,8467545,CAN,6.0,RW
286,44566,8465200,CZE,6.0,D
290,44755,8466333,CAN,6.0,D
292,45138,8471703,CAN,14.0,RW
297,45454,8466378,CAN,14.0,RW
299,45878,8465122,CAN,14.0,D
301,46068,8474657,CAN,6.0,C
302,46069,8473962,CAN,14.0,LW
306,46558,8470176,FIN,14.0,LW
309,46844,8471668,SWE,14.0,C
310,46881,8470775,USA,14.0,C
315,47522,8475794,CAN,6.0,C
317,48257,8460503,SWE,14.0,D
318,48347,8475150,CAN,6.0,RW
321,48513,8460661,CAN,6.0,D
322,48520,8471958,CAN,3.0,D
324,49283,8471873,SWE,3.0,D
327,49975,8473932,CAN,4.0,C
330,50195,8475118,USA,3.0,D
334,50359,8470192,CAN,3.0,D
335,50516,8475243,USA,3.0,C
336,50517,8474230,CAN,3.0,C
340,50776,8474151,USA,3.0,D
342,51505,8458938,CZE,3.0,D
345,51691,8462033,CAN,6.0,D
347,51725,8465025,CAN,3.0,RW
349,51886,8467881,CAN,3.0,LW
352,52171,8473544,CAN,3.0,C
358,52929,8471686,CAN,3.0,D
359,53612,8470232,CAN,3.0,C
361,53644,8475692,NOR,3.0,RW
363,54228,8476462,CAN,6.0,D
366,54771,8470041,CAN,3.0,LW
369,55399,8469534,CAN,6.0,D
371,55465,8471339,USA,3.0,RW
373,56093,8459454,USA,6.0,LW
375,56173,8473432,CAN,3.0,RW
378,56626,8476468,USA,3.0,C
380,57122,8474772,USA,3.0,D
382,57216,8474850,CAN,16.0,LW
385,57282,8475184,USA,3.0,LW
386,57819,8475186,USA,3.0,D
391,58375,8476792,USA,6.0,D
392,58899,8473484,LVA,6.0,LW
394,58996,8474176,SWE,3.0,LW
399,59671,8471262,SWE,6.0,C
401,60185,8469622,CAN,28.0,LW
404,60456,8467389,CAN,3.0,C
408,60965,8470619,USA,3.0,C
413,61738,8474613,USA,3.0,C
415,62504,8475749,CAN,8.0,LW
418,62531,8474584,CAN,3.0,D
424,63091,8475795,CAN,3.0,D
427,63142,8469755,CAN,3.0,RW
430,63200,8465951,CAN,5.0,LW
432,63542,8469638,FIN,5.0,LW
439,64133,8468542,USA,5.0,D
441,64683,8462042,CAN,5.0,RW
446,65240,8471311,CAN,5.0,C
450,65606,8471675,CAN,5.0,C
451,66280,8466160,CAN,5.0,LW
455,66644,8470543,CAN,5.0,LW
458,67387,8476211,USA,6.0,C
459,67390,8475761,USA,5.0,RW
462,67611,8471724,CAN,5.0,D
463,68221,8468498,USA,5.0,D
465,68901,8466393,CAN,5.0,RW
466,69213,8471246,USA,6.0,LW
467,69231,8471856,USA,5.0,C
469,69488,8471215,RUS,5.0,C
470,70132,8474091,CAN,5.0,C
473,70726,8471702,USA,5.0,D
476,71484,8468114,SWE,5.0,D
479,71754,8465166,CAN,5.0,RW
480,72156,8468674,CAN,5.0,D
483,72824,8471707,CAN,5.0,LW
488,73539,8474138,CAN,5.0,LW
491,73655,8467580,USA,5.0,D
493,73782,8470854,CAN,23.0,LW
498,74261,8475155,CAN,5.0,D
500,74483,8474145,CAN,19.0,D
502,74860,8471716,USA,17.0,LW
503,75539,8471956,CAN,28.0,LW
505,76000,8467331,CAN,17.0,D
508,76363,8467096,CAN,28.0,D
510,76844,8474027,USA,28.0,D
511,77535,8471794,CAN,17.0,C
512,78095,8470622,USA,17.0,RW
516,78461,8459514,CAN,28.0,RW
518,78656,8474032,USA,28.0,D
519,78658,8470273,CAN,28.0,D
523,78860,8471682,CAN,28.0,RW
528,79204,8467928,USA,17.0,D
529,79220,8446485,CAN,17.0,C
530,79275,8470318,SWE,17.0,D
531,79890,8468577,SWE,28.0,D
532,79983,8470794,USA,28.0,C
533,80765,8473465,CAN,28.0,LW
539,81309,8470280,CAN,28.0,LW
542,81471,8471693,CZE,17.0,D
544,81819,8464962,BLR,17.0,D
545,81905,8467514,RUS,17.0,C
546,82299,8466149,CAN,17.0,RW
547,82589,8467478,CAN,19.0,D
551,82689,8470201,CZE,17.0,RW
555,83174,8470047,FIN,17.0,C
559,83923,8468482,CAN,28.0,LW
562,84232,8468083,SWE,17.0,LW
563,84848,8471338,CAN,28.0,C
568,85423,8473558,CAN,17.0,C
569,85580,8474053,CAN,28.0,C
570,86319,8469581,CAN,28.0,C
572,86488,8473562,USA,28.0,C
573,86572,8474090,CAN,17.0,D
575,87027,8466139,CAN,28.0,C
577,87816,8471309,SWE,17.0,RW
578,88131,8466138,CAN,28.0,C
579,88870,8470778,USA,17.0,LW
580,89342,8457063,SWE,17.0,D
581,89510,8471709,CAN,28.0,D
582,90263,8474739,USA,28.0,C
586,90769,8459687,CAN,28.0,C
588,90959,8473600,USA,28.0,RW
591,91041,8475625,CAN,28.0,D
594,91411,8459444,CAN,17.0,RW
595,91654,8473569,SVN,17.0,LW
596,91700,8474218,CAN,28.0,D
600,92294,8470061,CAN,52.0,D
601,92312,8460743,SWE,17.0,LW
602,92475,8468509,SWE,17.0,D
603,93166,8475193,SVK,17.0,LW
606,93698,8467856,USA,17.0,D
607,93772,8449645,USA,17.0,C
608,93814,8467876,SWE,23.0,C
609,94456,8471859,BLR,18.0,LW
610,94676,8467875,SWE,23.0,LW
611,95314,8467330,USA,18.0,C
615,95776,8468485,CAN,23.0,LW
618,96017,8474569,USA,18.0,C
620,96664,8471498,DNK,23.0,RW
622,97230,8468064,CZE,18.0,RW
626,97583,8467370,CAN,18.0,C
628,98138,8468162,CAN,18.0,C
632,98368,8470600,USA,18.0,D
634,99109,8471811,CAN,7.0,C
639,99212,8470642,CAN,18.0,D
641,99861,8470620,CAN,23.0,LW
642,99929,8474096,CAN,18.0,C
646,100389,8460719,CAN,18.0,LW
650,100569,8470054,USA,23.0,D
652,100793,8470274,USA,23.0,LW
654,101195,8474570,CAN,23.0,C
657,101535,8469465,CAN,23.0,D
660,102180,8464957,CAN,18.0,RW
661,102253,8474094,CAN,18.0,RW
663,102530,8469547,CAN,18.0,RW
667,102916,8473608,USA,18.0,C
669,102983,8469626,USA,23.0,D
670,103116,8465202,FIN,23.0,D
672,103357,8470616,USA,23.0,C
674,104034,8470839,CAN,18.0,D
678,104284,8467463,SWE,23.0,RW
681,104466,8470310,CAN,23.0,D
683,104633,8470630,CAN,18.0,D
685,105165,8471664,CAN,23.0,LW
689,105549,8471268,CAN,23.0,RW
690,105585,8471887,SWE,18.0,RW
692,106280,8470358,CAN,23.0,LW
694,106875,8471742,CAN,18.0,D
698,107388,8471303,SWE,23.0,D
699,107989,8470654,CAN,23.0,C
704,108393,8474164,USA,18.0,D
706,108515,8469598,CAN,23.0,D
708,109097,8469555,DEU,23.0,D
713,109488,8468208,CAN,18.0,RW
716,110130,8471741,FIN,18.0,D
717,110141,8474535,USA,25.0,C
720,110198,8474629,CAN,16.0,D
721,110199,8474625,USA,16.0,RW
725,110535,8470666,CAN,16.0,LW
729,110762,8476403,SWE,53.0,D
732,110932,8473537,SWE,16.0,LW
737,111441,8475323,SWE,16.0,C
739,112048,8471769,SWE,16.0,D
741,112779,8474679,SWE,17.0,RW
743,113334,8471245,CAN,16.0,C
746,113635,8475204,CAN,13.0,C
751,113895,8475650,USA,16.0,LW
753,114171,8470281,CAN,16.0,D
754,114931,8474168,SWE,17.0,C
755,115163,8476381,CAN,16.0,RW
757,115739,8468927,CAN,7.0,D
759,115870,8466148,SVK,16.0,RW
760,116432,8470724,CAN,17.0,D
765,116891,8465058,CZE,16.0,D
768,117290,8474727,USA,16.0,RW
772,117554,8470607,CAN,16.0,D
773,118328,8471254,CAN,16.0,LW
775,118771,8475214,USA,16.0,LW
777,118856,8476431,USA,23.0,D
784,118953,8475181,USA,16.0,D
786,119693,8469544,CAN,16.0,LW
788,120304,8469665,SWE,16.0,D
794,120942,8473564,CZE,16.0,RW
798,121621,8473604,CAN,16.0,C
799,122361,8476438,USA,16.0,LW
801,122963,8477059,CHE,17.0,RW
803,123098,8474141,USA,16.0,RW
804,123847,8469470,CAN,17.0,D
808,124093,8475598,CAN,23.0,D
811,124213,8475153,CAN,16.0,D
813,124338,8469992,CAN,24.0,D
815,124544,8462129,SVK,16.0,C
818,124841,8471719,CAN,9.0,LW
820,124922,8467496,RUS,8.0,D
821,125336,8467493,CAN,9.0,RW
822,125804,8475797,USA,8.0,D
824,125863,8476851,USA,8.0,C
826,126381,8474157,USA,8.0,LW
828,127032,8475164,SWE,9.0,RW
830,127593,8471283,CAN,8.0,LW
833,128017,8469521,CZE,8.0,C
835,128679,8467407,USA,8.0,RW
838,129198,8473468,CAN,9.0,D
841,129500,8473588,USA,9.0,RW
844,129898,8476419,CAN,9.0,C
845,130301,8473466,CAN,8.0,C
849,130617,8475848,CAN,8.0,RW
850,131145,8476459,SWE,9.0,C
852,131664,8470599,CZE,9.0,LW
854,132051,8475254,CAN,8.0,C
857,132141,8471296,RUS,8.0,D
859,132636,8475174,CAN,9.0,D
860,132901,8467831,USA,8.0,C
864,133167,8475739,CAN,8.0,LW
866,133294,8470760,CAN,9.0,D
869,133797,8471299,DNK,16.0,C
872,133959,8474605,CAN,9.0,D
874,134234,8474884,CAN,9.0,LW
876,134683,8471976,CAN,8.0,C
879,135252,8474688,USA,8.0,D
882,135506,8470324,CAN,8.0,D
884,135983,8474250,CAN,9.0,LW
885,136618,8474134,CHE,8.0,D
888,137101,8474056,CAN,8.0,D
890,137826,8464956,CAN,9.0,D
891,138159,8476195,CAN,9.0,C
895,138358,8476470,CAN,8.0,D
898,138707,8475183,CAN,8.0,C
899,138757,8468635,CAN,8.0,LW
901,139083,8471504,CAN,8.0,RW
906,139516,8471229,FIN,8.0,C
908,139572,8471663,CAN,8.0,RW
912,139657,8471862,CAN,9.0,C
914,139960,8458951,RUS,9.0,D
917,140294,8474578,SWE,9.0,D
919,140975,8470378,CAN,9.0,D
923,141168,8476244,CHE,8.0,D
927,141382,8471670,CAN,9.0,LW
929,141439,8474068,CAN,9.0,C
932,142102,8474024,USA,9.0,C
934,142186,8474189,DNK,8.0,C
936,142945,8469474,CAN,8.0,RW
938,143065,8460621,SWE,9.0,RW
940,143326,8465914,USA,8.0,D
942,143560,8475913,CAN,9.0,RW
944,143978,8476205,FRA,9.0,C
945,144025,8474683,CAN,24.0,C
951,144237,8476386,USA,2.0,LW
953,144376,8475661,CAN,9.0,LW
954,144402,8476477,CAN,9.0,LW
957,144489,8476474,USA,1.0,RW
959,144652,8476879,CAN,9.0,D
960,145118,8474697,CAN,9.0,D
961,145449,8467336,USA,30.0,LW
964,145674,8470104,USA,30.0,D
969,146088,8470153,CAN,30.0,C
971,146260,8474716,CAN,30.0,D
972,146895,8473504,CAN,30.0,RW
974,147558,8475722,USA,30.0,LW
975,148000,8473992,CAN,30.0,D
980,148280,8476463,SWE,30.0,D
981,148810,8469459,FIN,30.0,C
982,149465,8470803,CAN,30.0,C
985,150182,8470886,CAN,30.0,D
987,150565,8475613,USA,30.0,D
989,150941,8469820,CAN,30.0,C
993,151183,8469506,USA,30.0,RW
995,151898,8474618,CAN,30.0,D
997,152456,8475745,USA,30.0,C
999,153024,8464989,USA,30.0,C
1002,153730,8475798,FIN,30.0,RW
1004,154252,8469542,CAN,30.0,LW
1006,154326,8471352,USA,16.0,C
1009,154462,8475757,CAN,30.0,RW
1010,154480,8474077,CAN,30.0,RW
1011,154496,8471885,USA,30.0,C
1012,154505,8476856,CAN,30.0,D
1013,154875,8476235,CAN,30.0,RW
1014,155092,8473618,CAN,15.0,C
1017,155688,8469639,CAN,15.0,C
1020,156108,8459429,CAN,15.0,C
1023,156269,8474590,USA,15.0,D
1024,157035,8471242,CAN,15.0,D
1026,157596,8471240,CAN,15.0,D
1028,157784,8464979,DEU,15.0,LW
1032,157883,8468611,USA,15.0,LW
1037,158463,8466158,CAN,15.0,D
1042,158793,8467365,CAN,15.0,D
1043,158981,8470159,CAN,15.0,C
1048,159409,8473991,CAN,15.0,D
1050,160103,8470120,RUS,15.0,RW
1053,160449,8469770,CAN,15.0,D
1056,160911,8468846,CAN,15.0,D
1057,160944,8465059,CAN,15.0,RW
1059,161059,8473913,USA,15.0,D
1060,161066,8473911,CAN,23.0,RW
1062,161103,8471214,RUS,15.0,LW
1063,161892,8473563,SWE,15.0,C
1064,162637,8470294,CAN,15.0,LW
1065,162654,8474291,CAN,15.0,C
1067,163254,8458590,USA,15.0,RW
1069,163450,8466251,CAN,15.0,LW
1072,164115,8470611,CAN,15.0,C
1078,164638,8475149,SWE,15.0,LW
1081,165322,8474551,FIN,4.0,LW
1083,165551,8475283,USA,25.0,LW
1086,165572,8467408,CAN,4.0,D
1087,165582,8467361,CAN,4.0,C
1088,165668,8459424,CAN,4.0,D
1089,165734,8470597,RUS,4.0,RW
1090,165798,8470996,CAN,4.0,D
1092,165818,8474163,CAN,4.0,D
1093,165828,8473550,CAN,21.0,D
1095,165865,8474045,CAN,6.0,C
1096,165884,8466145,CAN,4.0,D
1098,165937,8458637,CAN,4.0,D
1100,166084,8471346,CAN,4.0,RW
1107,166611,8473568,AUT,4.0,RW
1109,166748,8476406,USA,26.0,C
1112,166985,8467890,CAN,19.0,D
1114,167445,8473534,SWE,19.0,C
1116,168071,8471710,USA,15.0,D
1121,168205,8474031,USA,19.0,D
1125,168875,8469480,CAN,25.0,D
1127,168965,8470151,CAN,19.0,D
1129,169671,8469685,CAN,19.0,C
1132,169740,8471729,CAN,19.0,D
1137,170373,8475768,CAN,19.0,LW
1138,170897,8470871,CAN,19.0,LW
1140,171146,8475765,RUS,19.0,RW
1141,171713,8474634,RUS,19.0,C
1143,171747,8471490,CAN,19.0,RW
1150,171967,8467917,USA,19.0,D
1154,172252,8471817,CAN,19.0,RW
1157,172884,8474565,CAN,19.0,D
1158,173638,8471698,USA,19.0,RW
1160,174318,8473485,CAN,19.0,RW
1166,174873,8474013,USA,19.0,D
1170,175423,8468434,CAN,19.0,LW
1171,175558,8467344,CAN,26.0,D
1174,175927,8470655,USA,19.0,RW
1176,176651,8476436,CZE,19.0,RW
1178,176968,8470257,SWE,19.0,LW
1179,177632,8471743,CZE,19.0,C
1181,178062,8471392,CZE,19.0,D
1185,178722,8474184,CAN,26.0,D
1188,178918,8474102,CAN,19.0,LW
1193,179553,8476772,USA,1.0,RW
1194,179575,8475295,USA,10.0,RW
1195,179595,8475738,CAN,4.0,C
1199,179765,8476871,CAN,26.0,LW
1202,180187,8475235,CAN,7.0,LW
1204,180504,8471476,CAN,28.0,LW
1211,181157,8468213,CAN,28.0,D
1213,181244,8474001,CAN,28.0,LW
1217,181498,8470647,USA,19.0,RW
1220,181784,8459457,USA,19.0,RW
1223,181937,8471851,CAN,19.0,RW
1227,182164,8468515,USA,28.0,LW
1230,182311,8465005,CAN,28.0,D
1232,182437,8470613,CAN,28.0,D
1234,183190,8467899,CZE,28.0,RW
1238,183445,8471842,USA,28.0,LW
1241,183532,8474531,CAN,28.0,D
1242,183538,8471677,USA,26.0,D
1245,184228,8460496,CAN,26.0,LW
1247,184517,8474114,SWE,26.0,RW
1248,184532,8471386,USA,26.0,LW
1249,184548,8468700,USA,18.0,C
1251,184970,8472368,USA,5.0,RW
1255,185078,8459628,USA,18.0,D
1258,185280,8474519,USA,18.0,D
1262,185482,8475772,CAN,17.0,C
1265,185958,8471450,CAN,18.0,RW
1268,186110,8475176,CAN,18.0,D
1269,186653,8470603,BLR,18.0,LW
1271,186820,8474600,CHE,18.0,D
1272,187454,8475268,CAN,18.0,LW
1274,187848,8475225,USA,18.0,RW
1275,188488,8471228,RUS,18.0,RW
1278,188752,8467977,CAN,20.0,RW
1280,188887,8474552,SWE,17.0,LW
1281,188894,8474873,USA,17.0,D
1282,189032,8467332,CAN,24.0,D
1286,189326,8462041,CZE,12.0,RW
1291,189534,8475758,CAN,8.0,RW
1295,189981,8473933,USA,24.0,D
1299,190587,8471676,USA,24.0,RW
1301,191264,8470621,CAN,24.0,RW
1302,191954,8472370,CAN,24.0,D
1304,191994,8475162,USA,24.0,D
1305,192003,8469483,USA,24.0,C
1309,192201,8474034,USA,24.0,LW
1313,192723,8467400,CAN,24.0,D
1316,193344,8470317,USA,21.0,D
1319,193542,8468695,CAN,27.0,C
1323,193634,8471521,CAN,24.0,RW
1326,193782,8475764,USA,24.0,D
1327,194464,8476854,SWE,24.0,D
1328,194966,8476384,SWE,24.0,RW
1329,194972,8475770,USA,24.0,RW
1332,195168,8460561,CAN,24.0,D
1334,195282,8474009,USA,24.0,C
1338,195926,8471699,CAN,24.0,LW
1341,196701,8475222,FIN,24.0,D
1343,197133,8475180,CAN,24.0,C
1347,197399,8459442,FIN,24.0,C
1348,197686,8465042,FIN,24.0,D
1349,197882,8457981,FIN,24.0,RW
1350,198172,8470612,CAN,24.0,C
1351,198862,8474579,CHE,24.0,D
1355,199350,8473492,CAN,24.0,LW
1358,199802,8477215,USA,17.0,D
1359,200254,8475151,USA,24.0,RW
1361,200788,8476483,SWE,24.0,C
1362,201217,8471428,CAN,5.0,RW
1365,201223,8466285,CAN,16.0,D
1367,201768,8458543,CAN,16.0,D
1368,201804,8460527,CAN,16.0,C
1369,201845,8470329,CAN,16.0,D
1372,201972,8465170,CAN,16.0,RW
1373,202035,8468518,SVK,16.0,RW
1375,202364,8468510,USA,30.0,LW
1377,202370,8471426,CAN,16.0,RW
1382,203115,8473722,CAN,16.0,LW
1388,203336,8473970,CAN,27.0,LW
1394,203530,8474628,CAN,27.0,D
1397,203976,8471232,FIN,27.0,LW
1402,204461,8476206,USA,27.0,C
1403,204477,8471680,CAN,27.0,C
1405,204566,8462036,CAN,27.0,C
1407,204659,8462038,CAN,27.0,RW
1409,205172,8468535,CAN,27.0,C
1414,205815,8470713,CAN,27.0,LW
1415,205965,8470719,CAN,23.0,C
1418,206011,8473589,USA,27.0,D
1421,206081,8458537,CAN,27.0,LW
1423,206364,8473673,CAN,27.0,D
1430,206785,8471691,CZE,27.0,C
1434,207252,8464966,CAN,27.0,D
1435,207506,8475171,SWE,27.0,D
1437,208179,8459053,CAN,27.0,D
1439,208369,8471735,USA,27.0,D
1443,209119,8468484,CZE,27.0,D
1445,209327,8468085,CZE,27.0,RW
1449,209890,8475224,CAN,27.0,RW
1452,209937,8476473,USA,27.0,D
1455,210323,8474571,DNK,27.0,LW
1460,210954,8475182,SWE,16.0,D
1463,211075,8474050,CAN,27.0,LW
1465,211093,8471821,CAN,27.0,RW
1466,211095,8471231,CAN,27.0,C
1469,211469,8473658,CAN,18.0,D
1471,211594,8471483,CAN,29.0,C
1473,211633,8467844,USA,24.0,LW
1474,211760,8459587,USA,24.0,C
1475,211845,8468095,USA,24.0,RW
1478,212036,8474598,CAN,15.0,C
1479,212039,8474646,CAN,24.0,LW
1483,212218,8467393,FIN,24.0,LW
1485,212294,8467304,CAN,24.0,D
1487,212386,8468598,SVK,24.0,D
1489,212663,8475105,USA,24.0,RW
1490,212711,8464984,CAN,24.0,C
1492,212731,8459596,CAN,16.0,LW
1494,212897,8471279,FIN,16.0,D
1497,212996,8459461,CAN,16.0,C
1499,213105,8474709,CAN,2.0,LW
1501,213775,8467931,CAN,2.0,D
1503,213937,8468101,CZE,2.0,D
1505,214036,8470144,DNK,2.0,C
1507,214730,8475314,USA,2.0,LW
1508,215168,8475754,USA,2.0,C
1509,215674,8474666,SWE,2.0,LW
1510,215726,8475166,CAN,2.0,C
1512,216426,8473584,CAN,2.0,D
1514,216986,8476458,CAN,2.0,C
1517,217422,8473546,AUT,2.0,RW
1522,218018,8475177,CAN,2.0,D
1524,218424,8464967,USA,2.0,C
1526,218599,8469779,USA,2.0,C
1529,218690,8474604,USA,2.0,D
1531,218737,8470644,USA,2.0,RW
1534,218894,8473514,FIN,2.0,LW
1536,219006,8474573,CAN,2.0,RW
1537,219693,8473565,USA,2.0,D
1540,219896,8474659,USA,2.0,D
1542,219967,8473449,USA,2.0,RW
1544,220585,8471701,USA,2.0,D
1546,220606,8474612,CAN,2.0,D
1548,221215,8470852,CAN,2.0,LW
1551,221770,8476367,SWE,2.0,LW
1552,221780,8476445,SWE,2.0,C
1553,221792,8475231,CAN,2.0,C
1554,222311,8468309,CHE,2.0,D
1558,222758,8468504,CAN,2.0,RW
1563,223183,8471234,CAN,3.0,LW
1567,223321,8467371,CAN,15.0,C
1571,223839,8475619,CAN,15.0,LW
1573,223953,8476162,USA,15.0,D
1575,224034,8475200,RUS,15.0,D
1576,224536,8477220,USA,15.0,D
1578,224921,8470156,USA,15.0,RW
1581,225071,8474649,CZE,15.0,D
1582,225101,8476799,USA,15.0,D
1584,225111,8476880,CAN,15.0,RW
1585,225634,8475690,CAN,23.0,D
1586,226096,8473488,RUS,23.0,LW
1587,226098,8473931,USA,23.0,D
1588,226101,8467334,CAN,23.0,C
1591,226398,8474668,CAN,23.0,RW
1596,226928,8471752,CAN,7.0,D
1600,227007,8465192,SWE,23.0,C
1602,227174,8470700,CAN,23.0,RW
1603,227185,8473682,CAN,23.0,C
1606,227303,8471266,USA,23.0,LW
1610,227617,8475178,CAN,23.0,RW
1613,228104,8477073,CAN,26.0,D
1614,228149,8470618,CAN,12.0,RW
1616,228308,8473914,CAN,5.0,C
1619,228890,8473533,CAN,5.0,C
1621,229484,8469760,CZE,5.0,D
1625,229872,8467964,CAN,5.0,C
1626,229893,8468252,CAN,5.0,RW
1627,229912,8458529,RUS,5.0,RW
1630,230007,8474025,USA,5.0,LW
1635,230160,8459492,CZE,3.0,LW
1637,230324,8471714,USA,3.0,D
1638,230424,8468224,CAN,3.0,LW
1639,230519,8468483,SVK,3.0,RW
1643,231031,8459462,CAN,3.0,D
1645,231103,8470299,CAN,3.0,C
1647,231220,8468172,UKR,3.0,LW
1649,231431,8473573,RUS,3.0,C
1652,232093,8471273,USA,3.0,C
1654,232718,8460562,USA,3.0,C
1655,232749,8469455,CAN,9.0,C
1657,233384,8468463,CAN,8.0,LW
1658,233511,8470222,USA,8.0,D
1663,233821,8471678,CAN,8.0,LW
1669,234390,8471768,CAN,8.0,LW
1672,234817,8470678,CAN,8.0,D
1674,234877,8467439,CZE,8.0,D
1676,234989,8466144,USA,8.0,D
1678,235043,8467351,USA,8.0,C
1684,235354,8469500,CAN,8.0,C
1689,235838,8462176,CAN,8.0,D
1691,235916,8470602,CAN,10.0,D
1694,236590,8470207,CAN,10.0,LW
1696,236903,8474125,SWE,10.0,D
1698,237503,8470667,CAN,10.0,LW
1700,237877,8473712,CAN,10.0,LW
1702,237957,8473579,RUS,10.0,LW
1704,238500,8472424,CAN,10.0,LW
1706,238532,8474497,CAN,10.0,D
1711,238621,8471362,BLR,10.0,C
1714,239001,8473463,FIN,10.0,C
1716,239433,8468639,USA,10.0,D
1720,239832,8474192,CAN,10.0,RW
1723,239973,8468778,CAN,10.0,RW
1724,240130,8471748,CAN,10.0,D
1727,240285,8469508,CAN,10.0,C
1731,240805,8470672,CAN,10.0,D
1734,240994,8473548,USA,10.0,RW
1736,241770,8474577,CAN,10.0,C
1739,242079,8475098,CAN,10.0,C
1741,242752,8474581,USA,10.0,D
1742,243329,8475172,CAN,10.0,C
1743,243909,8475203,CAN,24.0,D
1744,243910,8473560,DEU,24.0,D
1746,244072,8475637,USA,9.0,RW
1750,244203,8470750,CAN,3.0,C
1753,244633,8473422,USA,9.0,LW
1755,245319,8462225,CZE,9.0,D
1757,245507,8471411,USA,3.0,C
1758,245511,8474498,CAN,9.0,C
1760,245671,8474670,SWE,9.0,RW
1761,245673,8470105,CAN,13.0,RW
1765,246188,8471681,USA,29.0,RW
1770,246533,8467428,CAN,1.0,RW
1773,246705,8460492,CAN,13.0,D
1775,246875,8468478,CAN,13.0,D
1777,247193,8466371,CAN,13.0,C
1779,247307,8470039,CZE,13.0,LW
1785,247721,8475179,RUS,13.0,D
1788,248299,8474520,CAN,13.0,D
1793,248862,8471390,CAN,18.0,C
1799,249240,8473574,CAN,13.0,LW
1804,249729,8475790,CAN,13.0,D
1807,250213,8469473,DEU,13.0,C
1811,250531,8469457,CAN,13.0,C
1813,250793,8470729,CAN,13.0,D
1818,250944,8475236,CAN,25.0,C
1821,251528,8476807,USA,28.0,D
1824,251652,8475878,CAN,20.0,C
1828,251728,8473536,CAN,28.0,C
1830,251930,8471996,CAN,28.0,C
1833,251973,8476331,CAN,28.0,D
1835,252195,8471700,CAN,28.0,RW
1836,252203,8470063,USA,28.0,RW
1838,252418,8475602,USA,15.0,C
1840,252460,8475148,SWE,29.0,D
1844,252553,8460541,USA,5.0,RW
1845,252609,8471756,LVA,4.0,D
1846,252622,8474589,CAN,7.0,LW
1849,253168,8471284,SVK,7.0,D
1853,253731,8471804,USA,7.0,C
1856,254114,8462077,DEU,7.0,C
1857,254252,8471761,USA,7.0,D
1860,254560,8459427,CAN,7.0,C
1861,254638,8473426,USA,7.0,D
1863,254975,8470598,AUT,7.0,LW
1871,255655,8467878,USA,7.0,C
1873,255799,8471419,CAN,7.0,RW
1875,255827,8474574,CAN,7.0,D
1877,256413,8459640,USA,7.0,RW
1878,256493,8471388,USA,7.0,RW
1879,256694,8471226,USA,7.0,RW
1883,257299,8469591,CAN,7.0,C
1885,257534,8469472,CAN,7.0,D
1886,257598,8470018,CAN,7.0,LW
1887,257768,8469485,CAN,7.0,C
1893,258082,8466309,USA,6.0,D
1896,258147,8458525,USA,6.0,RW
1899,258289,8468636,CAN,6.0,D
1902,258478,8466215,USA,6.0,D
1905,258705,8470636,USA,6.0,C
1906,258708,8475727,CAN,6.0,C
1910,259037,8474607,CAN,6.0,C
1911,259038,8475414,CAN,6.0,LW
1913,259101,8476191,USA,6.0,D
1914,259454,8474660,USA,21.0,D
1918,259515,8476302,CAN,23.0,D
1921,259597,8471216,CAN,23.0,D
1924,259688,8471810,CAN,23.0,D
1927,259768,8477201,CAN,23.0,LW
1928,259777,8475147,USA,30.0,C
1931,259947,8475423,CAN,23.0,RW
1933,260002,8476482,DNK,23.0,RW
1935,260033,8476867,CAN,23.0,C
1936,260150,8471409,CAN,23.0,RW
1939,260203,8469759,CAN,27.0,C
1943,260731,8470740,USA,27.0,RW
1951,261289,8475759,CAN,27.0,D
1954,261347,8474588,RUS,53.0,RW
1956,261397,8469681,USA,27.0,LW
1957,261401,8471011,USA,27.0,D
1958,261403,8467910,CAN,13.0,D
1961,261429,8465050,CAN,27.0,C
1963,261620,8471261,CAN,29.0,LW
1964,261632,8470966,CAN,20.0,D
1965,262279,8477935,CAN,20.0,C
1966,262612,8474642,CAN,20.0,LW
1968,262974,8474673,CAN,20.0,D
1969,263564,8476312,CAN,24.0,D
1970,263921,8477941,CAN,24.0,LW
1971,264186,8474150,SWE,20.0,C
1972,264802,8475163,CAN,20.0,RW
1977,265286,8475780,USA,24.0,RW
1981,265569,8478131,CZE,24.0,RW
1982,265731,8475907,CAN,20.0,LW
1984,266072,8477508,CAN,20.0,C
1986,266325,8471766,USA,24.0,RW
1988,266696,8477447,CAN,24.0,D
1990,266936,8477986,CAN,24.0,D
1992,267146,8476400,CAN,24.0,RW
1995,267338,8476346,USA,20.0,LW
1996,267752,8479314,USA,20.0,LW
1997,267985,8477497,CAN,20.0,C
1998,268476,8470162,CAN,20.0,C
1999,269022,8471879,CAN,16.0,D
2001,269056,8476806,USA,14.0,RW
2004,269462,8476886,CAN,14.0,D
2006,269579,8476453,RUS,14.0,RW
2007,270091,8477300,SWE,16.0,D
2008,270121,8474870,USA,14.0,C
2009,270659,8476292,CZE,14.0,LW
2010,271153,8474717,CAN,14.0,D
2013,271413,8475807,SWE,16.0,LW
2016,271798,8476539,CAN,14.0,C
2020,272115,8476975,CAN,14.0,C
2021,272497,8473986,CAN,14.0,LW
2022,273083,8477950,USA,53.0,D
2024,273216,8476300,RUS,14.0,D
2026,273376,8476826,CAN,14.0,C
2027,273582,8474722,USA,14.0,RW
2029,273703,8476394,USA,16.0,D
2031,273705,8476479,CAN,8.0,LW
2033,273979,8477205,CZE,14.0,D
2035,274348,8477326,CHE,14.0,RW
2036,274372,8477845,USA,16.0,D
2038,274711,8477009,CAN,14.0,D
2040,274814,8476911,CAN,14.0,C
2041,274817,8476882,FIN,16.0,LW
2043,275217,8477451,USA,16.0,LW
2046,275475,8477494,CAN,14.0,LW
2048,275821,8476480,RUS,14.0,C
2050,276211,8475715,SWE,3.0,C
2053,276480,8475832,DEU,5.0,RW
2055,276739,8475763,USA,3.0,C
2057,277160,8475208,USA,5.0,D
2058,277549,8470110,CAN,5.0,D
2062,278190,8470595,CAN,3.0,C
2065,278900,8476897,SWE,5.0,C
2067,279072,8474602,CAN,5.0,D
2069,279560,8476869,USA,3.0,D
2070,279824,8477839,USA,5.0,LW
2072,280143,8475810,USA,5.0,RW
2073,280458,8475855,SWE,3.0,RW
2074,280850,8476874,FIN,5.0,D
2075,281281,8475949,SVK,3.0,LW
2077,281305,8476884,CAN,5.0,D
2079,281509,8475161,USA,27.0,RW
2081,281532,8477435,CAN,21.0,D
2082,281558,8477126,USA,5.0,C
2085,281674,8474568,CAN,26.0,D
2091,282271,8475188,CAN,26.0,D
2094,282698,8476919,CAN,28.0,C
2096,283103,8475820,FIN,28.0,RW
2097,283436,8477922,SWE,28.0,C
2098,283831,8476442,USA,28.0,LW
2100,284274,8475455,CAN,28.0,D
2102,284865,8476881,CZE,28.0,C
2103,285332,8473571,USA,26.0,D
2107,285670,8475857,USA,26.0,D
2109,285779,8475175,SWE,19.0,LW
2112,286257,8468505,CAN,19.0,C
2117,286727,8476471,CAN,25.0,C
2119,286729,8477243,USA,16.0,C
2120,286731,8476283,USA,29.0,C
2121,286733,8475816,RUS,15.0,RW
2122,286759,8476906,USA,4.0,D
2123,287069,8477444,SWE,15.0,LW
2124,287453,8476872,CAN,4.0,C
2125,287734,8475462,CZE,4.0,D
2127,288166,8476393,CAN,4.0,C
2129,288431,8469469,USA,29.0,C
2131,288822,8468513,CAN,4.0,D
2135,289292,8471762,USA,4.0,C
2137,289576,8475247,CAN,15.0,C
2138,289693,8475744,RUS,15.0,C
2139,290179,8477930,FRA,4.0,LW
2141,290595,8474040,CAN,4.0,C
2146,291185,8478563,RUS,4.0,D
2147,291230,8477290,AUT,4.0,LW
2148,291661,8477462,SWE,4.0,D
2149,291816,8475729,USA,4.0,D
2151,291834,8477502,CAN,4.0,D
2152,291844,8476955,CAN,4.0,LW
2153,291899,8471436,USA,3.0,D
2159,292304,8476449,CAN,29.0,D
2162,292469,8471260,CAN,5.0,LW
2168,293128,8476293,CAN,5.0,C
2171,293338,8464981,CAN,21.0,D
2173,293560,8475799,CHE,30.0,RW
2176,294148,8475287,FIN,30.0,LW
2178,294549,8476455,SWE,21.0,LW
2179,295153,8475168,CAN,21.0,C
2182,295811,8471326,CAN,21.0,LW
2183,295947,8475206,CAN,21.0,D
2187,296034,8473700,CAN,21.0,D
2188,296207,8474089,CAN,21.0,C
2191,296412,8471657,CAN,21.0,LW
2194,297008,8474207,CAN,21.0,D
2199,297464,8474008,USA,21.0,C
2204,297567,8471669,USA,21.0,C
2208,298231,8469707,CAN,21.0,RW
2214,298715,8473446,USA,21.0,D
2216,299303,8470699,CZE,21.0,D
2218,299673,8475158,CAN,21.0,C
2221,300358,8475197,CAN,21.0,D
2222,300863,8477492,CAN,21.0,C
2223,301346,8476536,CAN,21.0,C
2224,301347,8475767,CAN,21.0,C
2225,301363,8476464,CAN,21.0,D
2226,301388,8475461,CAN,21.0,LW
2227,301410,8476798,CAN,21.0,D
2230,301435,8476344,CAN,30.0,C
2232,301498,8476889,CZE,25.0,C
2233,301809,8477501,RUS,25.0,RW
2234,302049,8470877,CAN,30.0,RW
2237,302438,8475730,USA,25.0,D
2238,302601,8476467,CAN,5.0,D
2240,302861,8474849,FRA,25.0,LW
2242,303358,8473994,CAN,25.0,LW
2243,304053,8474098,CAN,25.0,C
2245,304455,8469466,CZE,25.0,RW
2249,304870,8475906,SWE,25.0,D
2250,305263,8474818,CAN,25.0,D
2252,305749,8476439,CAN,25.0,RW
2253,305993,8475747,SWE,25.0,D
2255,306262,8474610,CAN,30.0,C
2260,306406,8477406,SWE,25.0,C
2261,306660,8477850,SWE,30.0,D
2265,306894,8471274,USA,25.0,D
2268,307596,8476619,CAN,30.0,RW
2269,307631,8476422,USA,30.0,D
2271,307791,8476545,CAN,30.0,RW
2273,307835,8474627,FIN,19.0,C
2275,308181,8466140,FIN,52.0,C
2280,308531,8476427,CAN,19.0,RW
2283,308630,8477467,SWE,30.0,D
2284,308686,8471840,CAN,12.0,LW
2287,308733,8477923,FIN,30.0,LW
2288,308734,8476808,USA,8.0,C
2290,309016,8473507,USA,8.0,D
2292,309644,8477455,SWE,8.0,LW
2294,309835,8476379,CAN,8.0,D
2295,309848,8477901,CAN,8.0,LW
2297,309948,8478004,CAN,8.0,D
2298,309970,8476948,CAN,8.0,LW
2299,310081,8475227,USA,9.0,D
2302,310277,8476368,SWE,9.0,D
2304,310441,8477210,USA,9.0,RW
2305,310448,8471241,CAN,24.0,D
2308,310638,8462196,CAN,24.0,D
2311,310935,8469490,USA,24.0,RW
2313,311236,8476525,CAN,6.0,D
2315,311516,8475762,USA,26.0,D
2316,311773,8476409,CAN,2.0,C
2318,311880,8477932,CAN,13.0,D
2319,312277,8475755,CAN,13.0,D
2321,312546,8475760,USA,13.0,C
2323,312981,8476456,CAN,13.0,LW
2324,313454,8477506,CAN,2.0,D
2325,313634,8475769,CAN,13.0,C
2327,313731,8476389,USA,13.0,C
2328,314098,8475253,CAN,13.0,LW
2330,314192,8468001,CAN,13.0,C
2332,314751,8476428,USA,13.0,C
2335,314848,8475735,CAN,13.0,C
2340,314995,8476917,CAN,2.0,D
2341,315212,8476875,CAN,13.0,D
2342,315458,8475191,CAN,13.0,RW
2346,316009,8477493,FIN,13.0,C
2347,316428,8475246,CAN,25.0,D
2350,316742,8467396,USA,25.0,LW
2354,317099,8467423,CAN,25.0,C
2357,317481,8476116,CAN,25.0,C
2360,317799,8475714,SWE,18.0,C
2361,318248,8476925,CAN,18.0,C
2362,318564,8476887,SWE,18.0,LW
2363,319020,8476447,FIN,18.0,RW
2364,319212,8476892,CAN,19.0,D
2365,319591,8476857,SWE,18.0,LW
2369,319736,8477942,CHE,18.0,LW
2371,319977,8475766,USA,18.0,LW
2372,320271,8476855,RUS,22.0,RW
2375,320621,8476779,CAN,22.0,D
2380,320741,8478042,SWE,18.0,LW
2381,321074,8475218,SWE,18.0,D
2382,321605,8476989,FIN,19.0,D
2383,321645,8477482,USA,19.0,LW
2385,321756,8475868,USA,18.0,D
2387,321902,8477964,RUS,19.0,C
2388,322096,8475793,CAN,18.0,C
2390,322741,8476441,CAN,19.0,D
2391,323061,8476877,USA,19.0,D
2392,323104,8477919,CAN,18.0,C
2393,323197,8475774,SWE,10.0,D
2395,323242,8477634,CAN,53.0,D
2396,323250,8478851,CAN,18.0,D
2397,323252,8477973,RUS,21.0,C
2399,323280,8471760,CAN,18.0,C
2402,323328,8478550,RUS,16.0,LW
2404,323677,8476979,SWE,16.0,D
2405,323837,8475209,SVK,16.0,RW
2409,324259,8477952,CAN,19.0,C
2410,324444,8471217,CAN,16.0,LW
2414,325080,8471185,CAN,15.0,LW
2416,325385,8469476,USA,15.0,D
2419,325733,8477939,SWE,10.0,C
2420,325992,8475716,SVK,10.0,D
2422,326199,8476941,USA,10.0,D
2426,326406,8477953,FIN,10.0,RW
2427,326559,8479318,USA,10.0,C
2428,326791,8476410,CAN,10.0,LW
2430,326924,8478373,RUS,10.0,RW
2432,327011,8475786,CAN,10.0,C
2433,327282,8476853,CAN,10.0,D
2434,327772,8477015,CAN,10.0,RW
2435,328045,8479458,RUS,10.0,D
2436,328286,8476289,RUS,17.0,D
2438,328413,8475792,CAN,15.0,RW
2441,328878,8478483,CAN,10.0,C
2442,329139,8476905,CAN,15.0,C
2443,329313,8478906,FIN,29.0,D
2444,329530,8476326,CAN,5.0,RW
2446,329655,8476448,SWE,29.0,C
2449,330034,8478506,SWE,29.0,D
2450,330056,8477416,DNK,29.0,RW
2451,330274,8476850,CAN,29.0,D
2452,330605,8468493,USA,5.0,D
2457,331306,8474715,USA,29.0,RW
2458,331860,8477505,SWE,29.0,C
2459,332230,8476981,CAN,29.0,RW
2460,332493,8474685,CAN,29.0,LW
2462,333015,8476310,CZE,29.0,C
2463,333179,8476432,CAN,29.0,C
2464,333625,8477244,USA,5.0,D
2466,333772,8477240,CAN,5.0,RW
2468,333928,8477404,USA,5.0,C
2469,334173,8474611,CAN,25.0,D
2473,334207,8475233,CAN,29.0,D
2474,334723,8477495,USA,29.0,D
2476,335218,8478460,USA,29.0,D
2477,335474,8477947,USA,29.0,LW
2478,335549,8478541,FIN,29.0,LW
2479,335642,8478567,CHE,29.0,D
2480,335696,8479411,RUS,9.0,RW
2481,335699,8476391,USA,29.0,C
2482,335702,8475829,CAN,20.0,D
2484,335705,8476852,CAN,2.0,D
2486,335745,8476147,CAN,2.0,LW
2488,335752,8476429,USA,2.0,D
2489,335924,8478493,SWE,30.0,C
2490,336081,8476372,USA,30.0,D
2491,336179,8476219,USA,30.0,C
2492,336182,8477949,USA,54.0,RW
2494,336367,8477006,CHE,30.0,C
2495,336378,8478010,CAN,14.0,C
2496,336628,8477454,USA,14.0,LW
2497,336745,8476285,CAN,14.0,C
2499,336804,8478866,CZE,5.0,C
2500,336925,8477520,CAN,5.0,C
2502,336954,8478466,NLD,5.0,RW
2504,337044,8471331,USA,7.0,C
2507,337240,8470828,SWE,52.0,D
2509,337728,8473412,CAN,52.0,C
2511,338385,8474074,CAN,52.0,D
2514,338590,8470834,USA,52.0,D
2516,339226,8477429,USA,52.0,C
2517,339541,8476460,CAN,52.0,C
2518,340016,8469531,CAN,12.0,D
2520,340330,8471218,USA,52.0,RW
2523,341055,8470289,USA,52.0,C
2525,341308,8474603,CAN,52.0,C
2526,341349,8473482,CZE,52.0,LW
2529,341707,8478137,CZE,24.0,LW
2533,341822,8471385,CAN,52.0,D
2539,342049,8476392,USA,52.0,C
2540,342435,8469501,CAN,52.0,RW
2543,342968,8470614,USA,52.0,D
2546,343393,8476885,USA,52.0,D
2547,343828,8475279,CAN,52.0,D
2548,344157,8474061,CAN,52.0,RW
2551,344305,8475958,CAN,21.0,C
2554,344353,8477940,DNK,52.0,LW
2555,344672,8477034,USA,24.0,D
2556,344717,8477413,CHE,21.0,RW
2558,344944,8477214,USA,3.0,D
2559,344952,8470180,USA,18.0,LW
2562,345343,8477509,CHE,1.0,D
2564,345481,8477958,RUS,23.0,RW
2566,345605,8476624,CAN,28.0,RW
2567,345833,8477846,USA,54.0,C
2569,345982,8470714,USA,20.0,D
2574,346107,8474674,CAN,52.0,C
2576,346205,8477936,CAN,2.0,LW
2577,346238,8475845,USA,6.0,LW
2578,346248,8476207,USA,5.0,C
2583,346447,8475834,SWE,28.0,LW
2584,346612,8477415,RUS,22.0,LW
2585,346726,8477934,DEU,22.0,C
2586,347090,8476988,CAN,22.0,D
2587,347307,8476454,CAN,22.0,C
2588,347859,8478414,CHE,28.0,RW
2589,348087,8479465,CAN,22.0,LW
2591,348282,8478099,USA,28.0,RW
2592,348526,8476472,SWE,22.0,D
2593,348854,8476915,CAN,22.0,LW
2594,349008,8476336,FIN,22.0,RW
2595,349143,8477498,CAN,22.0,D
2596,349435,8474586,CAN,22.0,C
2598,350122,8478402,CAN,22.0,C
2599,350424,8475165,SWE,22.0,C
2600,350640,8477851,USA,22.0,D
2603,350791,8475842,CAN,10.0,C
2605,350816,8476866,USA,24.0,LW
2606,350823,8479368,USA,24.0,LW
2607,350854,8479351,CAN,24.0,C
2608,350876,8476822,USA,17.0,RW
2609,351333,8476430,SVK,17.0,LW
2611,351544,8477946,USA,17.0,C
2612,351867,8475800,FIN,17.0,LW
2615,351950,8476960,CAN,17.0,LW
2616,352204,8477589,LVA,23.0,LW
2617,352247,8477500,CAN,23.0,C
2618,352630,8476452,CAN,20.0,D
2619,352666,8474038,CAN,8.0,LW
2622,353091,8475213,USA,20.0,C
2625,353186,8476440,FIN,20.0,C
2627,353490,8477591,CAN,20.0,RW
2632,353714,8476466,CHE,23.0,LW
2634,354001,8476967,CAN,20.0,D
2636,354159,8475833,USA,20.0,C
2637,354160,8476890,USA,9.0,D
2639,354162,8474837,CAN,20.0,D
2640,354170,8475844,USA,20.0,LW
2645,354255,8476505,CAN,20.0,C
2646,354256,8477913,DEU,20.0,LW
2647,354260,8475733,CAN,20.0,C
2648,354284,8477486,CAN,20.0,LW
2649,354297,8475157,CAN,17.0,C
2652,354382,8479325,USA,6.0,D
2653,354540,8476374,USA,6.0,C
2654,354731,8477433,CAN,9.0,D
2655,354843,8478400,USA,9.0,C
2656,354938,8478366,USA,6.0,C
2658,355149,8478443,USA,6.0,D
2659,355403,8478569,USA,6.0,C
2660,355618,8477956,CZE,6.0,RW
2661,355980,8476476,CAN,6.0,D
2664,356153,8476279,FIN,25.0,D
2667,356303,8474018,CAN,9.0,LW
2668,356330,8478417,SWE,6.0,C
2669,356359,8477213,USA,6.0,C
2672,356599,8476288,USA,9.0,LW
2674,356891,8474062,CAN,6.0,C
2677,357391,8475321,CAN,7.0,C
2680,357488,8476891,USA,6.0,D
2681,357648,8477426,CAN,9.0,LW
2682,357704,8474019,USA,6.0,D
2683,357708,8477971,SWE,9.0,D
2684,357717,8476323,USA,9.0,LW
2685,357790,8475192,CAN,18.0,LW
2689,357888,8473921,USA,18.0,D
2691,357896,8475917,CAN,4.0,RW
2692,357918,8470816,CAN,4.0,LW
2694,358020,8475723,CZE,4.0,RW
2695,358026,8479482,CZE,16.0,D
2697,358225,8477951,USA,16.0,C
2699,358408,8478528,USA,16.0,C
2700,358484,8476994,USA,16.0,LW
2702,358663,8477401,USA,16.0,RW
2703,358777,8478055,SWE,16.0,D
2704,358899,8477929,SWE,16.0,C
2706,359042,8478393,CAN,16.0,RW
2707,359047,8477353,USA,16.0,C
2710,359200,8477476,FIN,8.0,LW
2711,359427,8478561,NOR,8.0,LW
2714,359581,8477402,RUS,3.0,RW
2715,359765,8477446,USA,8.0,RW
2716,359835,8476918,USA,3.0,LW
2717,360087,8475869,CAN,8.0,D
2721,360252,8469492,RUS,29.0,D
2723,360716,8474130,USA,29.0,RW
2726,360867,8471348,RUS,29.0,D
2729,361131,8474774,CAN,29.0,D
2732,361395,8471371,USA,28.0,RW
2736,361666,8477227,USA,28.0,RW
2737,361686,8470626,SWE,6.0,LW
2740,362327,8476443,FRA,17.0,D
2742,362489,8474048,CAN,14.0,D
2745,362658,8475671,CAN,6.0,RW
2748,362749,8476922,USA,3.0,C
2749,362822,8475310,CAN,25.0,LW
2750,362922,8477945,FIN,25.0,D
2751,363009,8475896,CAN,25.0,LW
2752,363010,8475413,CAN,25.0,C
2753,363043,8477450,CAN,25.0,C
2754,363161,8477931,CZE,54.0,LW
2756,363338,8475169,CAN,28.0,LW
2760,363951,8477478,CAN,54.0,LW
2762,364100,8477046,USA,28.0,D
2763,364229,8479580,USA,28.0,C
2764,364242,8475750,USA,54.0,D
2766,364565,8475841,SWE,28.0,D
2767,364640,8476870,USA,1.0,C
2770,364706,8476407,USA,24.0,D
2771,364742,8478873,USA,24.0,RW
2772,364776,8477969,SWE,24.0,D
2774,364890,8478491,SWE,24.0,D
2775,364943,8476329,USA,15.0,C
2776,365008,8480143,CZE,15.0,D
2779,365047,8478472,CAN,14.0,RW
2780,365121,8478519,CAN,14.0,C
2781,365242,8477944,CZE,15.0,LW
2782,365451,8479410,RUS,14.0,D
2784,365630,8477474,CAN,15.0,D
2786,365731,8477043,SWE,15.0,D
2787,365866,8478416,SVK,14.0,D
2788,365929,8477573,AUS,15.0,LW
2790,365942,8478063,USA,15.0,LW
2791,365947,8479400,CAN,29.0,C
2792,366130,8478398,USA,52.0,LW
2793,366331,8477504,CAN,52.0,D
2794,366577,8479293,CAN,52.0,LW
2795,366794,8477715,CAN,53.0,C
2796,366814,8476469,FIN,52.0,RW
2799,367064,8477359,USA,52.0,D
2800,367090,8479339,FIN,52.0,RW
2801,367350,8478458,USA,52.0,C
2802,367475,8480009,FIN,18.0,RW
2803,367482,8477448,SVK,29.0,C
2807,367620,8477380,USA,26.0,C
2808,367674,8480147,SWE,26.0,D
2810,367769,8476983,USA,26.0,D
2811,367838,8480113,USA,26.0,C
2812,367998,8477960,SWE,26.0,LW
2813,368189,8476356,DEU,26.0,RW
2816,368572,8478020,CAN,26.0,C
2817,368653,8477987,USA,6.0,C
2819,368724,8478046,CAN,6.0,C
2820,368919,8478498,CAN,6.0,LW
2821,369093,8478512,USA,6.0,C
2823,369207,8475648,CAN,20.0,D
2824,369216,8478485,CAN,6.0,RW
2825,369218,8477320,SWE,6.0,LW
2826,369239,8477529,CAN,6.0,C
2828,369295,8478415,CZE,6.0,D
2829,369297,8477948,CAN,4.0,D
2830,369432,8478439,CAN,4.0,C
2831,369671,8479974,CAN,4.0,C
2832,369822,8479944,USA,5.0,C
2833,369894,8478500,RUS,4.0,D
2834,370146,8478067,SWE,4.0,LW
2835,370254,8476923,CAN,1.0,D
2836,370619,8477463,USA,1.0,D
2837,370733,8479407,SWE,1.0,LW
2838,370859,8477425,USA,1.0,LW
2839,371064,8478401,CZE,1.0,C
2840,371270,8477355,USA,1.0,D
2841,371434,8476399,USA,1.0,C
2842,371619,8480002,CHE,1.0,C
2843,371775,8475791,CAN,1.0,LW
2845,372342,8476370,USA,1.0,LW
2846,372380,8480081,USA,1.0,D
2847,372385,8479415,CAN,1.0,C
2848,372406,8479250,USA,1.0,RW
2849,372466,8479291,USA,1.0,C
2850,372512,8479315,USA,1.0,RW
2851,372546,8480073,SWE,9.0,D
2852,372548,8477464,CAN,52.0,LW
2854,372661,8478031,CAN,52.0,D
2855,372672,8478915,FIN,52.0,D
2856,372703,8477076,CAN,52.0,RW
2857,372714,8475815,CAN,52.0,D
2858,372744,8477962,USA,52.0,LW
2860,372817,8478891,USA,52.0,C
2861,372854,8478029,USA,52.0,C
2863,372858,8476617,CZE,54.0,RW
2864,372885,8477341,SWE,10.0,LW
2865,372980,8478408,CAN,10.0,D
2866,373097,8477021,CAN,21.0,C
2867,373272,8478073,SWE,21.0,D
2868,373334,8477507,RUS,21.0,D
2870,373644,8479370,CAN,21.0,C
2871,373803,8476952,USA,21.0,C
2872,373842,8477456,USA,21.0,LW
2873,374016,8479398,CAN,21.0,D
2875,374183,8478420,FIN,21.0,RW
2876,374442,8476927,LVA,5.0,C
2877,374471,8480341,USA,5.0,C
2878,374478,8476388,LTU,23.0,D
2879,374491,8476465,CAN,30.0,D
2882,374667,8477369,CAN,30.0,D
2883,374674,8478413,USA,30.0,LW
2884,374766,8478011,USA,30.0,D
2885,374769,8475220,CAN,30.0,LW
2887,375281,8480082,USA,30.0,C
2889,375283,8476415,USA,30.0,C
2891,375327,8474005,CAN,24.0,D
2893,375335,8471832,CAN,29.0,C
2896,375347,8474744,CAN,29.0,C
2898,375368,8474121,CAN,29.0,C
2900,375477,8473610,USA,12.0,D
2901,375517,8470302,USA,12.0,RW
2902,375862,8475784,CAN,12.0,LW
2904,376523,8474135,CAN,12.0,D
2905,376644,8469462,FIN,12.0,LW
2907,377001,8474137,USA,12.0,LW
2909,377171,8470137,FIN,12.0,D
2910,377295,8470283,CAN,12.0,C
2912,377483,8469812,USA,12.0,RW
2913,377667,8475296,USA,17.0,RW
2914,377673,8471280,CAN,27.0,RW
2918,377780,8469664,USA,27.0,RW
2921,378054,8475275,USA,15.0,D
2922,378063,8473953,CAN,20.0,D
2924,378155,8471222,CZE,20.0,D
2926,378485,8476043,CAN,20.0,C
2930,378541,8475796,CAN,7.0,D
2932,378900,8464994,CAN,20.0,LW
2934,378938,8476834,CZE,20.0,C
2935,378978,8467338,CAN,20.0,LW
2938,379327,8476390,CAN,24.0,C
2940,379386,8475119,CAN,5.0,C
2943,379480,8474012,USA,52.0,C
2944,379489,8471482,CAN,52.0,D
2946,379683,8470309,USA,22.0,D
2948,379810,8474201,CAN,14.0,LW
2949,379856,8470685,DEU,7.0,D
2953,379965,8476878,LVA,7.0,C
2954,380385,8474059,SWE,7.0,LW
2956,380465,8474705,CAN,21.0,C
2957,380539,8470189,CAN,21.0,LW
2959,380582,8474030,USA,21.0,RW
2962,380650,8469467,CAN,5.0,RW
2965,380841,8470867,CAN,10.0,RW
2968,380952,8470085,CAN,10.0,D
2969,381005,8469752,CAN,23.0,LW
2970,381009,8471323,CAN,22.0,LW
2971,381248,8471402,FIN,22.0,LW
2972,381343,8473525,CAN,22.0,D
2973,381472,8473942,CAN,10.0,C
2977,381572,8475154,CAN,10.0,RW
2978,381626,8476827,USA,20.0,D
2979,381636,8476423,USA,1.0,C
2982,381769,8475808,CAN,29.0,C
2985,381936,8476819,CAN,23.0,C
2988,381963,8469460,USA,12.0,D
2990,382119,8474113,USA,13.0,D
2993,382173,8473867,USA,13.0,C
2994,382184,8473526,USA,13.0,C
2996,382259,8476765,CAN,2.0,LW
2997,382280,8474567,USA,52.0,D
3000,382769,8477847,CAN,20.0,LW
3001,382775,8475196,USA,20.0,RW
3002,382791,8474606,CAN,13.0,D
3004,382838,8466398,CAN,1.0,RW
3007,383010,8474554,CAN,13.0,LW
3009,383013,8474707,DNK,22.0,D
3012,383162,8476179,USA,22.0,C
3013,383195,8477289,RUS,22.0,D
3014,383252,8473989,CAN,22.0,LW
3016,383399,8474597,CAN,29.0,D
3019,383533,8473647,CAN,29.0,D
3021,383554,8476888,RUS,7.0,C
3023,383771,8468520,CAN,4.0,D
3028,383919,8467353,KAZ,52.0,C
3030,384104,8475788,RUS,52.0,C
3034,384452,8470774,CAN,4.0,D
3037,384592,8476451,CAN,27.0,LW
3040,384633,8476166,CAN,22.0,D
3045,384740,8476062,USA,22.0,RW
3050,384879,8475266,CZE,25.0,C
3052,384974,8470265,UKR,20.0,D
3054,385096,8471321,CAN,20.0,D
3056,385127,8474844,CAN,20.0,LW
3057,385129,8474049,NGA,20.0,RW
3058,385136,8475264,CZE,20.0,C
3060,385220,8465012,USA,15.0,D
3061,385257,8474609,CAN,7.0,C
3063,385347,8473459,LVA,52.0,D
3065,385358,8471451,CAN,52.0,C
3067,385394,8468704,FIN,52.0,RW
3069,385534,8471807,SWE,25.0,C
3070,385699,8475198,FIN,8.0,C
3071,385700,8468660,CAN,22.0,LW
3073,385811,8474719,FIN,22.0,C
3074,385863,8476849,FIN,1.0,C
3075,385867,8471683,USA,14.0,D
3077,385994,8475728,SWE,7.0,C
3079,386325,8475753,USA,12.0,D
3080,386899,8477496,SWE,12.0,C
3082,387359,8474576,CAN,5.0,LW
3085,387456,8475194,SWE,5.0,D
3087,387469,8477814,CAN,2.0,D
3088,387482,8477832,CAN,14.0,RW
3089,387483,8471474,USA,25.0,C
3090,387496,8475889,CAN,8.0,RW
3091,387501,8474616,CAN,52.0,C
3093,387553,8474743,USA,52.0,D
3097,387686,8475567,CAN,15.0,D
3099,387697,8471220,CZE,1.0,LW
3102,387758,8475309,USA,10.0,RW
3104,387789,8460577,CZE,21.0,RW
3105,387970,8471705,CAN,14.0,D
3108,388039,8475304,CAN,13.0,C
3109,388065,8477816,USA,23.0,LW
3110,388071,8476931,USA,7.0,D
3111,388346,8477499,FIN,7.0,D
3112,388770,8473734,USA,12.0,RW
3116,388854,8470777,CAN,25.0,LW
3117,388859,8475332,SWE,17.0,D
3118,388862,8470896,CAN,5.0,LW
3120,388910,8477666,CHE,18.0,C
3121,388916,8477836,CAN,16.0,LW
3122,388918,8474661,CZE,12.0,D
3123,388997,8475159,SWE,52.0,LW
3125,389009,8473416,CAN,13.0,D
3126,389011,8468745,CAN,14.0,D
3127,389030,8475260,CAN,20.0,C
3130,389082,8470268,RUS,22.0,D
3131,389089,8475752,USA,22.0,C
3133,389280,8475395,USA,4.0,D
3134,389282,8469798,CAN,25.0,D
3135,389284,8475190,CAN,10.0,LW
3136,389287,8473505,CAN,15.0,C
3137,389288,8473616,USA,13.0,RW
3138,389294,8470798,USA,5.0,D
3141,389353,8472365,USA,6.0,RW
3142,389356,8474052,CAN,12.0,LW
3144,389508,8471708,USA,15.0,C
3146,389536,8471912,CAN,18.0,LW
3147,389541,8476835,SWE,18.0,LW
3148,389549,8475893,FIN,18.0,C
3149,389554,8477082,BLR,14.0,D
3150,389557,8476522,CAN,5.0,C
3151,389559,8471312,USA,14.0,RW
3152,389600,8477228,USA,6.0,C
3153,389604,8470704,CAN,6.0,RW
3154,389606,8474035,USA,23.0,LW
3155,389610,8470065,CAN,29.0,C
3157,389625,8471853,CAN,12.0,LW
3158,389634,8474615,CAN,12.0,RW
3159,389636,8476805,CAN,10.0,LW
3161,389638,8474236,CAN,2.0,LW
3162,389643,8476304,CAN,10.0,LW
3163,389648,8475902,USA,6.0,D
3165,389731,8474601,CAN,23.0,D
3166,389739,8476411,CAN,13.0,D
3167,389740,8476450,CAN,17.0,D
3169,389786,8476086,USA,2.0,RW
3170,389789,8476227,USA,1.0,RW
3171,389794,8476435,RUS,6.0,C
3172,389803,8474939,USA,18.0,C
3173,389804,8467543,USA,25.0,C
3174,389904,8470366,CAN,8.0,C
3175,389905,8476437,SWE,12.0,C
3177,390267,8475250,CZE,12.0,C
3179,390395,8476769,USA,5.0,RW
3182,390462,8474793,CAN,53.0,C
3183,390467,8476363,USA,6.0,RW
3184,390474,8477510,CAN,29.0,LW
3187,390517,8477902,SWE,21.0,RW
3188,390587,8474748,CAN,10.0,D
3189,390599,8470152,SWE,10.0,C
3192,390668,8476214,CAN,23.0,LW
3193,390670,8475732,CAN,12.0,D
3194,390680,8475294,FIN,12.0,D
3195,390686,8476495,CAN,6.0,C
3199,390765,8475274,USA,1.0,D
3200,390815,8477070,CAN,15.0,C
3201,390832,8474516,USA,28.0,C
3202,390840,8476478,CAN,10.0,D
3203,390852,8475996,CAN,53.0,C
3204,390864,8475826,CAN,12.0,RW
3205,390867,8476397,USA,12.0,D
3207,390871,8477407,CAN,3.0,LW
3212,391158,8476426,CAN,22.0,D
3213,391162,8475734,USA,22.0,LW
3214,391164,8473415,CAN,23.0,D
3215,391343,8478376,USA,10.0,RW
3217,391356,8476868,USA,53.0,C
3218,391359,8477933,CAN,7.0,C
3219,391690,8477916,HRV,21.0,RW
3221,391705,8476549,RUS,28.0,RW
3222,391710,8475980,CAN,12.0,C
3223,391722,8477887,USA,12.0,C
3224,391758,8477249,USA,22.0,C
3225,391773,8476921,CAN,53.0,LW
3227,392112,8476339,CZE,5.0,C
3228,392114,8476944,CAN,12.0,LW
3229,392124,8477127,BLR,1.0,D
3230,392126,8477410,RUS,22.0,C
3231,392128,8479648,RUS,4.0,LW
3232,392175,8479268,USA,7.0,D
3233,392268,8479755,RUS,7.0,D
3234,392315,8478403,USA,7.0,C
3235,392601,8478542,CAN,7.0,LW
3236,392755,8477488,USA,12.0,D
3237,393059,8478396,USA,12.0,D
3239,393383,8476858,CAN,12.0,LW
3241,393533,8476958,USA,12.0,D
3242,393857,8476971,CAN,24.0,LW
3243,393885,8476873,CAN,20.0,C
3244,394042,8477903,USA,20.0,RW
3245,394222,8477957,RUS,8.0,RW
3247,394259,8478963,CAN,8.0,D
3248,394269,8476352,USA,26.0,LW
3249,394286,8475278,CAN,8.0,C
3252,394396,8477937,CAN,23.0,RW
3253,394606,8477018,CAN,23.0,D
3254,394882,8478444,USA,23.0,RW
3255,395022,8479290,FIN,24.0,C
3256,395041,8478842,RUS,21.0,D
3257,395051,8478421,CAN,21.0,LW
3258,395088,8478928,RUS,5.0,LW
3260,395133,8476902,FIN,25.0,D
3261,395385,8476966,CAN,25.0,C
3263,395465,8477461,CAN,25.0,LW
3265,395571,8476913,CAN,25.0,C
3267,395814,8475343,USA,26.0,C
3270,396016,8478463,CAN,2.0,C
3271,396242,8479206,CAN,2.0,C
3272,396284,8479345,USA,53.0,D
3273,396455,8478432,USA,53.0,RW
3274,396612,8479343,USA,53.0,C
3275,396779,8480222,SWE,2.0,D
3276,396801,8477943,GBR,53.0,LW
3278,397000,8477503,CAN,53.0,LW
3280,397304,8477527,CAN,2.0,LW
3281,397346,8477989,USA,53.0,C
3282,397522,8478445,CAN,2.0,C
3283,397696,8478474,CAN,53.0,LW
3284,397860,8477460,CAN,53.0,C
3285,397895,8478440,CAN,53.0,C
3287,398001,8479483,FRA,1.0,D
3289,398059,8478566,RUS,1.0,C
3290,398180,8478397,SWE,20.0,D
3291,398275,8477938,CAN,12.0,D
3292,398371,8478427,FIN,12.0,RW
3293,398628,8477458,RUS,12.0,LW
3296,398668,8479344,FIN,22.0,RW
3297,398807,8478451,CAN,22.0,D
3298,398825,8476934,CAN,12.0,LW
3299,399080,8476416,CAN,22.0,D
3300,399083,8478585,USA,12.0,C
3302,399322,8477010,CAN,1.0,LW
3305,399402,8479316,USA,30.0,C
3306,399471,8480158,SWE,10.0,D
3307,399519,8475292,CAN,6.0,RW
3308,399546,8479376,CAN,8.0,D
3309,399666,8477810,CAN,8.0,D
3312,399705,8475736,USA,13.0,C
3314,399786,8477453,CAN,21.0,D
3315,399832,8479442,CAN,23.0,D
3316,400050,8477642,RUS,10.0,D
3318,400062,8478454,CAN,8.0,D
3319,400106,8477003,USA,15.0,RW
3320,400109,8474149,RUS,13.0,RW
3321,400316,8477955,CAN,13.0,C
3324,400563,8477346,CAN,13.0,D
3325,400690,8478843,CHE,13.0,C
3326,400838,8479553,RUS,13.0,C
3327,400871,8477452,USA,13.0,D
3328,400931,8477512,CAN,10.0,C
3329,401045,8478233,CAN,20.0,LW
3330,401104,8476924,CZE,17.0,RW
3332,401204,8478562,CZE,20.0,D
3334,401234,8475324,USA,17.0,D
3336,401451,8477511,CAN,17.0,RW
3337,401668,8478075,USA,6.0,LW
3338,401718,8477959,CAN,2.0,RW
3339,401772,8480072,SWE,3.0,C
3340,401821,8476303,USA,3.0,D
3342,401854,8477337,CAN,3.0,D
3343,401887,8480145,USA,3.0,D
3344,401989,8480078,CZE,3.0,C
3345,402073,8478449,FIN,25.0,LW
3346,402144,8477997,RUS,23.0,D
3347,402223,8475210,SWE,23.0,RW
3348,402226,8476200,USA,13.0,RW
3350,402250,8477471,CAN,25.0,D
3351,402262,8478469,CAN,9.0,D
3352,402396,8476396,USA,3.0,C
3353,402407,8478564,FIN,6.0,C
3354,402451,8480144,CZE,16.0,C
3355,402560,8479337,USA,16.0,RW
3356,402724,8480153,SWE,16.0,C
3357,402730,8480172,CZE,16.0,D
3359,402828,8478407,CAN,19.0,D
3360,403002,8479420,USA,19.0,C
3362,403108,8480761,USA,19.0,D
3363,403109,8478106,CAN,16.0,RW
3364,403147,8479595,USA,16.0,D
3365,403151,8477472,SWE,16.0,D
3366,403200,8478146,CAN,16.0,C
3367,403214,8477491,CAN,7.0,RW
3368,403261,8480727,CAN,54.0,D
3369,403262,8478488,CZE,9.0,C
3370,403287,8477479,CAN,17.0,LW
3371,403415,8475982,USA,9.0,D
3373,403423,8476894,CAN,54.0,LW
3377,403549,8478584,CZE,1.0,D
3378,403556,8478495,RUS,25.0,RW
3379,403578,8476982,USA,28.0,C
3381,403603,8476910,CAN,52.0,RW
3382,403611,8477473,USA,7.0,RW
3384,403674,8480015,CAN,13.0,RW
3385,403682,8479511,FIN,12.0,C
3386,403693,8480039,CZE,12.0,C
3387,403701,8477445,CAN,20.0,C
3389,403716,8477427,SWE,10.0,RW
3390,403722,8474131,SWE,53.0,RW
3391,403792,8480157,SWE,10.0,D
3392,403801,8475836,CAN,23.0,C
3393,403802,8479968,USA,3.0,C
3394,403848,8477541,USA,53.0,D
3395,403858,8476766,USA,7.0,LW
3396,403864,8476401,CAN,7.0,C
3398,403876,8479066,CAN,20.0,LW
3399,403887,8477033,SWE,10.0,D
3400,403892,8476425,USA,23.0,C
3401,403905,8478211,CAN,13.0,LW
3402,403947,8477998,CAN,12.0,LW
3403,404041,8478846,CAN,9.0,D
3404,404081,8477981,CAN,12.0,D
3405,404091,8475328,CAN,9.0,C
3406,404094,8474698,CAN,13.0,D
3407,404102,8475263,USA,19.0,C
3409,404117,8478104,CAN,19.0,LW
3410,404175,8476414,CAN,23.0,RW
3411,404184,8477961,CAN,1.0,C
3412,404217,8480087,USA,4.0,C
3413,404219,8478431,RUS,17.0,RW
3414,404235,8478027,SWE,12.0,C
3415,404350,8477466,DNK,24.0,RW
3416,404355,8480762,USA,29.0,LW
3417,404369,8477392,USA,7.0,RW
3418,404391,8479304,USA,7.0,C
3419,404400,8479969,USA,23.0,C
3420,404405,8475597,USA,13.0,RW
3421,404419,8477583,CAN,13.0,C
3422,404420,8476322,USA,13.0,C
3423,404428,8476020,CAN,26.0,C
3424,404430,8477417,SVK,6.0,LW
3425,404467,8478476,CAN,53.0,D
3426,404470,8475782,CAN,8.0,D
3427,404473,8473440,USA,4.0,D
3428,404476,8478447,CAN,53.0,RW
3429,404477,8478268,CAN,9.0,RW
3430,404487,8476526,CAN,1.0,LW
3431,404490,8478371,CAN,17.0,LW
3432,404492,8476418,USA,17.0,D
3433,404511,8477399,CAN,4.0,LW
3434,404522,8479404,FIN,13.0,C
3435,404576,8479249,USA,12.0,C
3436,404578,8478870,LVA,9.0,LW
3437,404614,8475436,CAN,24.0,LW
3439,404622,8480771,USA,26.0,D
3440,404627,8480776,CAN,26.0,RW
3441,404634,8480163,SWE,23.0,D
3442,404635,8477994,CAN,17.0,C
3443,404644,8477041,CAN,7.0,D
3444,404649,8478874,USA,23.0,C
3445,404710,8477085,CAN,23.0,D
3446,404732,8479977,USA,22.0,RW
3447,404758,8479366,USA,9.0,C
3448,404764,8480083,USA,7.0,LW
3449,404777,8479423,CAN,7.0,RW
3450,404796,8477428,CAN,26.0,RW
3451,404798,8478425,CAN,7.0,D
3453,404828,8475756,CAN,13.0,LW
3454,404831,8478176,CAN,17.0,D
3455,404847,8480164,FIN,13.0,LW
3456,404852,8477566,RUS,12.0,LW
3457,404856,8478868,SVK,9.0,D
3458,404919,8480029,CAN,9.0,LW
3459,404929,8476953,CAN,12.0,D
3460,404933,8478480,CAN,1.0,C
3461,404937,8473431,CAN,8.0,C
3462,404943,8477881,CAN,2.0,C
3463,404947,8479650,RUS,54.0,C
3464,404950,8480330,CAN,20.0,RW
3465,404954,8478462,CAN,12.0,C
3466,404963,8477391,USA,7.0,C
3467,404966,8479999,USA,7.0,C
3468,405049,8475291,CAN,15.0,RW
3469,405050,8477449,CAN,20.0,LW
3470,405052,8478365,CAN,4.0,LW
3472,405065,8479613,CAN,24.0,LW
3473,405067,8479252,CAN,17.0,D
3474,405069,8475718,USA,10.0,D
3475,405085,8478430,SWE,20.0,D
3476,405126,8476511,CAN,21.0,C
3477,405127,8478839,FIN,12.0,C
3478,405128,8477091,CAN,23.0,D
3479,405130,8480829,FIN,8.0,C
3480,405209,8480943,RUS,10.0,D
3481,405262,8480944,SWE,10.0,C
3483,405329,8480001,FIN,6.0,D
3484,405331,8479346,CAN,20.0,C
3485,405356,8479976,FIN,20.0,D
3486,405382,8480012,SWE,23.0,C
3487,405453,8480031,CAN,24.0,LW
3488,405463,8480965,FIN,28.0,C
3489,405490,8480748,USA,24.0,RW
3490,405540,8478078,CAN,28.0,C
3491,405553,8480806,SWE,24.0,C
3492,405568,8480160,CZE,28.0,D
3493,405609,8480839,SWE,7.0,D
3494,405691,8480945,FIN,5.0,D
3495,405728,8480830,RUS,12.0,RW
3496,405819,8479353,CAN,3.0,C
3497,405885,8477366,USA,16.0,C
3498,405900,8480801,USA,9.0,LW
3499,405971,8480946,DEU,16.0,C
3500,406053,8479320,CAN,9.0,D
3501,406109,8480035,FIN,16.0,D
3502,406147,8479425,CZE,17.0,D
3503,406193,8478036,SWE,17.0,C
3504,406253,8480161,CZE,17.0,D
3505,406259,8479992,CAN,17.0,C
3506,406321,8479395,CAN,17.0,D
3507,406373,8479385,CAN,19.0,C
3508,406389,8480023,CAN,19.0,C
3509,406480,8480005,FIN,52.0,LW
3510,406487,8480036,FIN,25.0,D
3511,406582,8480950,RUS,53.0,D
3512,406623,8480326,USA,21.0,C
3513,406663,8478844,RUS,4.0,C
3514,406678,8478455,CAN,26.0,LW
3515,406740,8479994,CAN,26.0,C
3516,406745,8480803,CAN,22.0,D
3517,406754,8479644,CAN,26.0,RW
3518,406787,8477996,FIN,13.0,RW
3519,406827,8479657,CAN,16.0,LW
3520,406851,8480955,RUS,13.0,D
3521,406884,8478056,CAN,12.0,C
3522,406906,8480336,CAN,26.0,D
3523,406945,8478442,USA,22.0,C
3524,406951,8478468,CAN,6.0,D
3525,406967,8480948,RUS,1.0,D
3526,406992,8478465,CAN,23.0,D
3527,407001,8477979,CAN,4.0,RW
3528,407011,8478881,CAN,1.0,LW
3529,407062,8479675,USA,10.0,LW
3530,407094,8478399,CHE,15.0,D
3531,407124,8479416,USA,25.0,D
3532,407130,8480208,USA,9.0,RW
3533,407150,8477365,USA,6.0,D
3534,407187,8479945,USA,25.0,D
3535,407207,8479466,DNK,22.0,RW
3536,407213,8479372,CAN,24.0,D
3537,407230,8480780,CZE,28.0,C
3538,407273,8480935,SWE,7.0,D
3539,407306,8479364,USA,3.0,LW
3540,407310,8479402,CAN,12.0,D
3541,407312,8478409,CAN,18.0,C
3542,407314,8478856,USA,53.0,RW
3543,407362,8477357,FIN,12.0,RW
3544,407405,8478047,CAN,53.0,LW
3545,407410,8479447,USA,13.0,RW
3546,407411,8478452,USA,22.0,D
3547,407428,8477963,CAN,13.0,C
3548,407470,8477343,CAN,15.0,D
3549,407474,8478038,CAN,2.0,D
3550,407531,8480954,SWE,16.0,C
3551,407534,8481186,USA,21.0,RW
3552,407539,8479970,USA,22.0,C
3553,407554,8478136,CAN,28.0,D
3554,407557,8476907,USA,19.0,LW
3555,407586,8478831,SWE,29.0,C
3556,407590,8478949,USA,29.0,RW
3557,407592,8479324,USA,3.0,D
3558,407597,8477384,CAN,13.0,D
3559,407634,8479414,CAN,1.0,RW
3560,407641,8476278,USA,18.0,C
3561,407647,8479365,USA,6.0,C
3562,407662,8479026,CAN,4.0,D
3563,407684,8479772,CAN,23.0,C
3564,407688,8480901,USA,6.0,C
3565,407707,8480769,USA,25.0,C
3566,407725,8478911,USA,26.0,D
3567,407750,8477680,CAN,22.0,RW
3568,407771,8480821,CZE,17.0,RW
3569,407780,8479388,CAN,13.0,D
3570,407781,8479333,CZE,3.0,D
3571,407787,8479330,CAN,1.0,C
3572,407788,8479336,SWE,26.0,RW
3573,407803,8470705,CAN,9.0,C
3574,407808,8471634,USA,9.0,RW
3576,407933,8466212,CAN,9.0,RW
3577,407957,8471368,CHE,9.0,RW
3578,407964,8469670,SVK,9.0,RW
3580,407992,8468789,CAN,25.0,C
3582,408027,8467519,LVA,25.0,D
3583,408101,8468506,CAN,25.0,C
3584,408152,8469584,CAN,23.0,C
3585,408159,8460533,CAN,19.0,C
3586,408167,8474762,CAN,19.0,LW
3587,408174,8471692,CAN,23.0,D
3588,408178,8462118,CAN,6.0,C
3589,408203,8467915,CAN,17.0,D
3592,408253,8467927,USA,5.0,D
3593,408258,8460502,CAN,18.0,RW
3594,408273,8467579,CAN,2.0,LW
3595,408315,8469684,SVK,2.0,D
3596,408426,8473501,CAN,2.0,D
3597,408447,8474731,CAN,2.0,C
3598,408455,8474063,CAN,2.0,D
3599,408466,8468500,RUS,3.0,LW
3600,408509,8471753,USA,19.0,C
3601,408522,8466181,SWE,29.0,LW
3602,408563,8460567,USA,29.0,RW
3603,408616,8470737,USA,5.0,LW
3605,408627,8474220,CAN,12.0,RW
3606,408666,8473999,USA,1.0,RW
3608,408747,8466216,CAN,1.0,C
3609,408812,8466035,RUS,12.0,LW
3611,408890,8472355,CAN,1.0,C
3613,409016,8474557,FIN,1.0,D
3614,409064,8460580,CAN,25.0,D
3615,409069,8470661,CAN,22.0,LW
3617,409126,8470687,CAN,22.0,RW
3619,409159,8460555,CAN,22.0,D
3620,409202,8471689,CAN,22.0,C
3622,409232,8470986,CAN,10.0,C
3624,409315,8471187,USA,10.0,D
3626,409386,8469464,SWE,10.0,LW
3627,409452,8467943,FIN,24.0,LW
3629,409594,8467466,CAN,26.0,RW
3631,409649,8474139,CAN,24.0,C
3632,409678,8460504,CAN,26.0,LW
3634,409743,8474566,RUS,9.0,LW
3636,409775,8470649,USA,12.0,C
3639,409829,8471697,SWE,11.0,RW
3642,409912,8460556,SWE,11.0,LW
3644,409952,8469647,CAN,3.0,LW
3645,409974,8469505,USA,11.0,D
3646,409976,8466392,CAN,3.0,C
3647,409994,8470578,USA,11.0,D
3648,410010,8471324,CAN,22.0,LW
3649,410055,8468887,CAN,30.0,C
3650,410124,8473605,RUS,1.0,LW
3651,410142,8471508,CAN,1.0,D
3652,410161,8458541,CAN,20.0,D
3654,410265,8465026,USA,7.0,RW
3655,410267,8470680,USA,9.0,C
3657,410277,8471978,CAN,52.0,D
3659,410283,8471694,CAN,52.0,LW
3661,410303,8472379,USA,52.0,C
3663,410411,8473493,CAN,24.0,C
3666,410438,8470780,CAN,52.0,D
3667,410471,8474128,SVK,22.0,C
3668,410472,8474575,CAN,22.0,D
3669,410496,8456283,CAN,21.0,D
3670,410543,8470623,CAN,21.0,D
3672,410552,8474730,NOR,21.0,D
3673,410591,8470697,CAN,21.0,C
3675,410695,8468626,CZE,21.0,LW
3676,410730,8474587,CAN,20.0,RW
3677,410745,8467502,CZE,20.0,RW
3678,410771,8470580,USA,30.0,RW
3679,410810,8470988,CAN,12.0,D
3681,410814,8474042,CAN,30.0,C
3682,410832,8459004,CAN,29.0,D
3684,410869,8471413,CAN,14.0,D
3685,410879,8474085,SWE,14.0,LW
3686,410889,8474592,USA,19.0,C
3687,410905,8468881,CAN,52.0,LW
3688,410918,8470136,CAN,19.0,D
3689,410927,8471310,CAN,8.0,C
3690,410937,8472262,USA,20.0,D
3692,410957,8471399,USA,30.0,LW
3693,410963,8471238,USA,2.0,C
3695,411026,8470651,CAN,2.0,C
3696,411042,8470072,CZE,27.0,RW
3697,411053,8470708,CAN,23.0,RW
3699,411075,8462093,CAN,23.0,LW
3700,411091,8473444,CAN,12.0,C
3702,411105,8471868,CAN,29.0,LW
3703,411146,8475104,CAN,14.0,D
3705,411153,8476225,CAN,21.0,LW
3706,411155,8470741,CAN,11.0,LW
3708,411168,8455919,USA,20.0,C
3709,411186,8474153,CZE,13.0,RW
3710,411234,8472361,USA,13.0,RW
3711,411265,8474146,CAN,11.0,RW
3713,411288,8470086,USA,13.0,D
3714,411315,8474222,CAN,30.0,D
3715,411320,8473997,CAN,10.0,LW
3716,411327,8474029,USA,19.0,D
3717,411332,8473511,CAN,30.0,C
3718,411339,8471696,USA,10.0,D
3719,411350,8471941,CAN,23.0,RW
3721,411358,8475372,SWE,8.0,C
3722,411373,8465024,CAN,2.0,LW
3723,411407,8470113,USA,26.0,RW
3724,411411,8470656,CAN,21.0,D
3725,411416,8468502,USA,9.0,D
3726,411441,8471628,CAN,23.0,C
3727,411450,8469564,CAN,22.0,D
3728,411453,8458361,USA,2.0,C
3729,411471,8458943,CAN,13.0,LW
3731,411536,8470005,USA,13.0,C
3732,411542,8474383,USA,15.0,RW
3733,411545,8470787,CAN,30.0,D
3734,411550,8458520,SWE,21.0,C
3735,411552,8470605,USA,13.0,RW
3736,411555,8468599,USA,15.0,D
3737,411562,8471730,CAN,21.0,C
3739,411566,8475087,USA,10.0,C
3740,411572,8468432,CAN,13.0,C
3741,411601,8475679,USA,30.0,C
3742,411607,8469672,CAN,24.0,LW
3743,411619,8469582,USA,7.0,LW
3744,411624,8468086,CAN,22.0,LW
3746,411641,8467937,CAN,10.0,C
3747,411649,8470301,BHS,3.0,C
3748,411658,8470321,USA,13.0,LW
3750,411668,8475102,USA,7.0,C
3751,411671,8473456,USA,2.0,RW
3752,411678,8470203,USA,21.0,LW
3753,411708,8471846,CAN,30.0,D
3754,411711,8476224,CAN,30.0,D
3755,411712,8474195,RUS,29.0,LW
3756,411728,8473898,CAN,7.0,C
3757,411737,8474046,CAN,22.0,D
3758,411743,8470648,CAN,20.0,LW
3759,411759,8474693,CZE,29.0,RW
3760,411771,8475641,CAN,8.0,D
3761,411774,8469516,CAN,3.0,D
3762,411775,8467906,SWE,23.0,RW
3763,411780,8469120,LVA,20.0,LW
3764,411782,8471863,SVK,23.0,C
3765,411786,8475677,SWE,18.0,LW
3766,411790,8471848,RUS,11.0,D
3767,411795,8467335,CAN,24.0,C
3768,411800,8471728,CAN,3.0,LW
3769,411802,8468499,CAN,20.0,C
3770,411816,8476208,USA,2.0,D
3771,411819,8471429,CAN,1.0,D
3772,411824,8470809,CAN,3.0,RW
3773,411826,8473539,USA,5.0,D
3774,411827,8474585,CAN,30.0,D
3775,411828,8471786,USA,21.0,D
3776,411830,8474154,SWE,18.0,RW
3777,411833,8475990,CAN,2.0,D
3778,411834,8471265,CAN,25.0,RW
3779,411835,8474691,CAN,22.0,LW
3780,411838,8475173,CAN,25.0,RW
3781,411840,8475950,DEU,10.0,C
3782,411845,8465113,CAN,15.0,RW
3783,411847,8474143,USA,18.0,LW
3784,411848,8468584,USA,30.0,RW
3785,411851,8474500,USA,7.0,LW
3786,411853,8470838,CAN,29.0,C
3787,411856,8473611,USA,2.0,D
3788,411857,8475219,CAN,30.0,LW
3789,411859,8478841,CAN,1.0,D
3790,411862,8480800,USA,23.0,D
3791,411867,8481425,CAN,23.0,D
3792,411868,8480314,CAN,9.0,RW
3793,411880,8481433,CAN,17.0,LW
3794,411890,8481426,CAN,17.0,LW
3795,411902,8481442,CAN,13.0,D
3796,411903,8477972,USA,1.0,D
3797,411906,8479514,CAN,18.0,C
3798,411908,8478840,USA,7.0,D
3799,411912,8478109,SWE,7.0,LW
3800,411918,8479371,CAN,18.0,D
3801,411928,8477865,USA,17.0,D
3802,411934,8480068,USA,8.0,C
3803,411935,8481477,DEU,30.0,C
3804,411939,8478502,USA,16.0,D
3805,411940,8481479,USA,23.0,D
3806,411942,8481486,USA,54.0,D
3807,411943,8480074,FRA,29.0,C
3808,411955,8478017,CAN,4.0,D
3809,411958,8478882,RUS,29.0,D
3810,411961,8480069,CAN,21.0,D
